{
  "project_info": {
    "project_number": "1001249020037",
    "firebase_url": "https://fitpic-2f0fd.firebaseio.com",
    "project_id": "fitpic-2f0fd",
    "storage_bucket": "fitpic-2f0fd.appspot.com"
  },
  "client": [
    {
      "client_info": {
        "mobilesdk_app_id": "1:1001249020037:android:a42a02ab6a0d4676",
        "android_client_info": {
          "package_name": "com.example.offlinemaps"
        }
      },
      "oauth_client": [
        {
          "client_id": "1001249020037-1hhh1er9vfb2v58dl818fpi5vcr9g780.apps.googleusercontent.com",
          "client_type": 1,
          "android_info": {
            "package_name": "com.example.offlinemaps",
            "certificate_hash": "6f0bd5bcc00a0a99ccbbebaedd1cfb012e3796d7"
          }
        },
        {
          "client_id": "1001249020037-lrl326s4g75ietmesh090l6a6vmamjvh.apps.googleusercontent.com",
          "client_type": 3
        }
      ],
      "api_key": [
        {
          "current_key": "AIzaSyDQTUEPmGEKJO2x6J2qeNtYFT1O0toXMaI"
        }
      ],
      "services": {
        "analytics_service": {
          "status": 1
        },
        "appinvite_service": {
          "status": 2,
          "other_platform_oauth_client": [
            {
              "client_id": "1001249020037-lrl326s4g75ietmesh090l6a6vmamjvh.apps.googleusercontent.com",
              "client_type": 3
            }
          ]
        },
        "ads_service": {
          "status": 2
        }
      }
    }
  ],
  "configuration_version": "1"
}